ts	phase	decision	why	evidence	result
2026-09-29T00:00:00+02:00	cadrage	Adopter le plan joint comme contrat canonique	Le plan fixe les livrables, les modèles et les critères d'acceptation	/Users/emma.anastassova/.codex/attachments/d999145d-31c7-4126-8352-1b8e34e3eb5e/Pasted text.txt	accepté
2026-09-29T00:00:01+02:00	méthode	Utiliser pstack de façon sélective pour la recherche documentaire	Les workflows de code ne correspondent pas aux livrables Markdown	project/research-contract.md	actif
2026-09-29T00:00:02+02:00	organisation	Séparer les chercheurs par question et par fichier	Éviter les écritures concurrentes et rendre chaque résultat vérifiable	project/audit/workplan.md	actif
2026-09-30T00:00:00+02:00	audit-context	Construire un contrôle structurel reproductible avant les corrections	La vérification manuelle seule ne prouve pas l'intégrité des liens, tableaux, titres, blocs Mermaid et appels de notes	work/audit_context_notes.py	passé
2026-09-30T00:00:01+02:00	structure	Ajouter un README de contexte et remplir le registre transversal des sources	Le dossier comportait huit fiches lisibles mais aucun index transversal exploitable ; la navigation et la traçabilité sont des critères de modularité	project/context/README.md; project/sources/source-register.md	appliqué
2026-09-30T00:00:02+02:00	visuels	Ajouter une chronologie et une carte d'interfaces en Mermaid	Les fiches 00 et 01 avaient des tableaux suffisants mais aucun schéma de synthèse ; ces deux diagrammes réduisent la charge de lecture sans ajouter de données non sourcées	project/context/00-chronologie-perimetre.md; project/context/01-gouvernance-parties-prenantes.md	appliqué
2026-09-30T00:00:03+02:00	rendu	Corriger le harnais de rendu pour les liens de contexte et les notes de bas de page	Le rendu HTML utilisait une base source-notes et cassait les ancres de notes et les liens entre fiches ; le Markdown source reste inchangé	work/render_markdown.mjs; rendu navigateur local	passé
2026-09-30T00:00:04+02:00	sources	Convertir les six URLs brutes de la note artistique en liens Markdown nommés	Les URLs étaient présentes mais moins lisibles et moins fiables dans les rendus ; les autres notes utilisaient déjà des liens nommés	project/context/02-conception-artistique.md	appliqué
2026-09-30T00:00:05+02:00	analysis	Structurer l'analyse en six modules reliés au contexte	La base factuelle est gelée et l'analyse doit rester vérifiable, modulaire et lisible	project/analysis/README.md; project/analysis/*.md	appliqué
2026-09-30T00:00:06+02:00	presentation	Construire un brief avant le prototype HTML	La thèse, les sources et les visuels doivent être stables avant de choisir un thème	project/presentation/brief.md	appliqué
2026-09-30T00:00:07+02:00	prototype	Choisir un deck hybride sans dépendance réseau ni thème définitif	Les schémas, tableaux et détails natifs testent la narration sans fermer les choix de design	project/presentation/baseline/index.html; project/presentation/baseline/demo-spec.json	appliqué
2026-09-30T00:00:08+02:00	verification	Ajouter un contrôle reproductible de l'analyse et du deck	La structure, les liens locaux, les formules et les exigences du prototype doivent rester vérifiables	project/verification/verify_analysis_and_deck.py	à exécuter
2026-09-30T00:00:09+02:00	presentation	Remplacer le rail de navigation et les panneaux par un récit vertical visible	Le premier prototype demandait trop de clics et chargeait la lecture par sa mise en page et ses couleurs	project/presentation/baseline/index.html; project/presentation/baseline/styles.css	appliqué
2026-09-30T00:00:10+02:00	formules	Garder LaTeX délimité dans les Markdown et afficher la formule en texte dans le HTML	Le deck ne charge pas MathJax ; une formule non délimitée ne doit pas être présentée comme compilée	project/analysis/README.md; project/presentation/baseline/index.html; project/verification/verify_analysis_and_deck.py	passé
2026-09-30T00:00:11+02:00	presentation	Supprimer les interactions de détail obligatoires du prototype	Le récit doit rester compréhensible pendant le défilement, sans demander au public d'ouvrir des panneaux	project/presentation/baseline/index.html; project/presentation/brief.md	appliqué
2026-09-30T00:00:12+02:00	review	Tenter une relecture indépendante de la trace et des artefacts	Le workflow pstack demande un contrôle externe avant la remise	project/audit/decisions.tsv; project/analysis/; project/presentation/	INCONCLUSIVE, agent non revenu dans le délai
2026-09-30T00:00:13+02:00	presentation	Supprimer le prototype HTML baseline	La mise en page ne répond pas au niveau de simplicité et de lisibilité attendu	project/presentation/baseline/index.html	supprimé
2026-09-30T00:00:14+02:00	presentation	Supprimer le CSS du prototype HTML baseline	Le prototype visuel est abandonné avant une nouvelle direction de design	project/presentation/baseline/styles.css	supprimé
